id,y_hat
2,2.9551661804191305
5,2.7491247440566884
9,2.854103356768525
21,3.306977018996742
22,3.636640111072926
28,2.995695026319551
31,2.805932348808691
37,2.5601861719481764
43,3.200014556446984
44,2.653559066843516
52,3.3557949240856653
54,3.001097028565287
58,2.9198692206850234
65,2.781743947877236
68,2.4319166707906548
72,2.0601874594451113
73,2.9590693525414995
75,3.0785880833115664
78,3.001731030536963
81,2.5937413933321727
83,3.0478948502395076
86,3.1317727029001174
88,3.4066037834283565
99,2.9544435853793254
100,3.2694869910714033
102,2.7480787323156717
105,3.164986731240554
113,3.5274917861989623
117,1.8825753312544156
119,2.5659415601419577
120,3.059088161826727
125,2.417426488753964
128,2.5485813325819255
129,3.0843283336748453
131,2.538284273654644
132,2.6757367415411246
133,2.856163798768817
134,2.596180939402762
136,2.690733396344026
141,2.6764302015148864
150,3.2828062805355813
153,2.730320601102864
161,3.1350830644157357
165,2.5293104696506346
167,2.4889794154246303
177,2.689844342219266
190,4.148654125110585
191,3.349941604629527
192,2.7809834537666434
195,3.5543477426871006
203,2.8583189294107894
205,2.6580783265807035
211,2.845419254030943
215,2.838609811279989
219,2.8581233470253644
232,3.339076685953288
235,2.669959097364769
236,3.034023440146902
242,2.623103639578538
244,3.139763376925775
249,3.0227497734999784
255,2.7547992328583044
258,2.886428274494188
261,3.5908507743328095
282,4.018341268474165
291,3.1308480796272247
296,2.395736249769469
297,3.4275890118868784
304,3.1095336800003626
310,2.2817945411083707
326,2.7493357641232508
327,1.6731086205880488
332,2.9964514592565115
338,2.109187379971563
342,3.4175287784423647
344,3.1024462530469226
349,3.943005969238161
351,3.448029998713761
359,2.2593274262458647
367,3.1423944290704533
377,3.1738146383349273
379,2.7391688183414957
380,2.637324460384699
382,2.3113261656188384
389,2.672414215340526
394,2.831991596814276
395,2.3187084442038777
402,3.4585136865291037
413,2.9698396404014122
415,3.1156103117676555
416,2.088759452540401
422,2.1897210593998357
423,1.9019803527018682
426,2.9601961296634336
430,2.5932105860128187
440,3.8751814124915303
442,2.7266707280102933
451,4.20377885272779
454,3.197944676020349
455,3.0643973135271447
456,2.6195876739859694
459,2.1367695574600827
461,3.1162018686900814
462,3.0946837526246105
463,4.39220055201907
464,3.289461787457239
469,1.96703363805919
470,3.2885175679812453
474,2.255481395991603
475,2.8556274033954097
494,2.370197577759436
500,2.8476779867060227
511,3.6137941114036285
512,3.2548492628649166
522,3.651339559368824
530,2.078626647118243
546,2.63661441635169
549,3.5012052378515675
556,2.0386076715728025
563,3.2045918861951135
580,3.2173729420285264
581,2.764582942406882
585,1.5085704216880798
589,2.989376328502995
595,3.7491123912995037
601,2.9517936686471935
605,3.031970596797936
609,2.5400871154358793
620,2.9013260448665967
622,2.916331988521424
623,4.186193795230734
627,3.109151119245546
629,2.8182176054026793
634,2.0216069471608242
636,3.173714963075932
641,2.8081221531079876
658,2.9799983202859246
663,3.630186772270098
668,2.2423098076772683
691,3.850274014014846
694,3.2139669452548336
698,3.1654873562725894
701,4.0090789966607225
703,3.1092978312101023
705,3.173632926811764
711,3.368103257716525
719,2.9597604697845403
722,2.853790580486745
735,2.593172843861079
736,2.086123618374482
756,2.3041721796569767
768,3.169833286252281
770,3.003673824063503
774,2.9205601835624657
784,2.544407049638452
786,3.400038763247004
796,2.7205453441547007
802,4.288235801364573
808,3.265382052243838
810,3.09899174987316
816,2.5759773853712082
820,3.2146408883691606
821,3.2463849965802214
831,2.6078498061795643
833,2.9090053787271355
835,2.787199364168864
841,3.551941085715022
842,2.922583624632104
843,2.334158788537202
844,2.2120543715073193
848,2.9271900342008843
876,3.4248252318087524
878,2.1255734900625836
883,2.9501765059472747
890,3.0720956138477074
894,2.529246157194005
910,2.9536686287879745
913,2.3321216849309883
914,2.190268628486579
915,2.366146283209083
920,3.2226348147702737
923,2.478412025049811
928,2.1427005316490906
930,1.8368390885555475
932,3.1045065808428234
943,2.4555789870182387
956,2.8646158326411957
957,3.331092043929437
965,2.9172855661855026
966,2.555045284864908
972,2.5052867264661387
973,3.0306939402719766
975,3.2148477498419563
981,2.116508635116798
982,2.333229439665007
983,3.0104862166107336
986,3.3256306179488617
993,3.419323807213236
996,3.511773509215409
999,3.1592145859197998
1009,2.0139584755306266
1014,3.00586543447592
1017,2.4822405692684866
1021,2.9173599678042876
1032,2.394762588449718
1040,3.3127026257230927
1043,3.419121773615097
1045,4.4454352711280265
1051,3.1515166490463824
1055,2.571991350877217
1063,2.6714186330716063
1066,2.7109158593871863
1070,3.2892019340822207
1073,2.6410499824647826
1075,2.6110637060418935
1080,1.9944036708833144
1083,2.740856566223755
1087,2.5926873774719232
1090,2.2223402651463076
1093,2.5705085627272566
1102,2.6794201698031817
1104,2.3562835425238835
1106,2.911836253631948
1115,2.5792316206098485
1120,2.1112183292444207
1134,2.508803622000759
1139,2.5625108696518284
1140,2.4974501809113905
1142,2.265925708388563
1145,2.382718356017539
1148,1.6346061365894855
1152,2.483895972352662
1160,2.6234447731112676
1163,2.5685376235267268
1183,3.8919508592853056
1185,2.914103507311979
1186,2.4231414025291107
1190,2.904242968613141
1195,3.333280358412365
1199,4.133751320031138
1202,5.460770033302591
1211,2.964990463169929
1216,2.977936994737155
1222,2.977585941584512
1227,2.966748445613516
1235,3.2519409108689676
1236,3.122829350023193
1237,2.8981387171359585
1239,3.3916408382015115
1247,2.65391560242771
1249,3.177585472679477
1257,2.607890434134415
1261,3.43633556556385
1262,3.5368221710571914
1268,3.5093159995195204
1269,3.2454285930359896
1273,3.4943912250412406
1274,3.194869426965033
1287,2.51542359305535
1292,3.487878788120562
1299,2.517375182607715
1303,2.7772016525244707
1305,2.031569725193302
1314,3.003061849004973
1317,2.7795262405159766
1320,3.156328721722868
1325,3.6385201683585695
1326,2.9145983092121353
1331,2.9563645254619804
1337,2.6415448215087864
1341,2.5309623772636742
1369,2.67448521931061
1371,2.7551684669473584
1373,4.27607923944783
1382,3.7227895296320463
1400,3.5553403376969106
1402,3.0548625008132047
1403,3.011054291191718
1410,2.7767064540060784
1416,4.0158209474942606
1426,2.733889197828855
1429,1.5579095505458311
1439,2.0245424900429225
1442,3.5221942967763282
1459,2.1981503683964703
1473,2.1138768749144035
1479,2.616121647940431
1485,2.7050688793858004
1486,2.643516653660775
1490,2.755759083228775
1494,2.969785171764609
1497,1.7099367067555886
1498,2.6201338803060676
1501,3.1328038358931134
1502,5.863186529678246
1507,3.973652640482548
1521,2.5552323452618233
1525,2.6711601874158792
1532,2.2976518774518797
1534,4.050297012018323
1535,3.0604479485297773
1540,2.4730860725702053
1544,2.7984257645345636
1555,3.0557226771391135
1556,2.5323478132606203
1558,3.6063552059557096
1566,2.5750382813452664
1570,2.201607234876189
1586,3.4809444658215103
1588,2.369285574157741
1591,3.0022961144322915
1593,2.213905405554597
1594,2.922934955830869
1596,3.2427165841405436
1600,2.2231900196271894
1604,2.6404366980218086
1610,2.636389891207983
1611,3.1066374982570952
1618,3.0161123335820608
1634,2.6794473935905163
1637,1.7885517988281654
1638,3.8003647206551405
1642,3.034133829063399
1644,2.932031035262642
1647,2.856690912264226
1648,2.960203502779181
1654,2.242562859360127
1661,3.1360043735053034
1688,3.4516117255184824
1689,3.403888800072385
1695,2.166300885104016
1701,2.5930687579747635
1704,3.0392122445818575
1711,2.0618757622308
1715,3.5267650968160815
1722,3.8591733172313036
1724,3.4415042920347134
1729,4.2662808312030895
1741,2.449981735890344
1749,2.8965696394697344
1752,3.4923624550975836
1756,2.647110524612174
1759,3.0087638118202373
1761,3.3430257226095526
1765,4.27368942722712
1772,2.373698650538894
1780,3.006071594889765
1783,2.9299237240034777
1785,3.025280692874532
1797,3.3950101700832036
1801,2.5965606991563517
1815,3.043938405892766
1817,3.575141397359253
1818,3.222241223146994
1824,2.480866998739357
1825,2.8513185224932243
1828,3.4212166290371666
1829,3.672971794082676
1831,2.6310083089961513
1833,3.048912873882111
1837,2.463831973972248
1845,2.6014103181973653
1846,3.060113153587408
1848,2.5778421553381254
1857,3.769487857227933
1858,2.4781021715389446
1863,3.1840019153294623
1875,2.8007610448736897
1876,4.57289513831469
1884,3.0513061521161093
1886,3.0933331710796708
1891,1.9835997889338537
1896,2.1831920304207957
1904,2.756175161527004
1910,2.5271432159346046
1912,3.2673218217238533
1920,3.670626554815792
1925,2.9552575653582243
1927,3.4925751418752444
1934,3.0822809005500313
1937,3.2417676266475732
1955,3.5845410959030186
1956,3.410386578422981
1959,3.823147558870847
1961,3.5743782931508608
1964,2.808170285523817
1967,2.074690353394635
1969,2.731610986267387
1972,3.688864730319593
1973,2.662043876146246
1981,2.4030388859291687
1991,3.8274011268834554
1992,1.9921596414749017
1994,2.252273824477361
2001,3.4736701948092197
2003,4.431130833220432
2009,2.8542906479811467
2011,3.881083829647519
2016,3.4111498456853897
2020,2.9653825066579107
2027,3.4889634757678554
2034,2.6328413606664065
2035,2.6741879924401237
2037,2.7633533077026335
2039,3.6344727659601235
2040,2.3141178878469244
2051,2.4839006377008506
2052,4.300034852236472
2054,2.7740406015796455
2057,2.9514491429128635
2062,3.3305646961813045
2064,2.370688901413676
2067,2.3641820076861277
2072,2.3640651977531304
2073,1.710254235155163
2074,2.9378551894173754
2075,1.832127230116418
2077,2.459806861421911
2078,2.403642765728164
2093,3.3324724350545347
2102,2.3707104637475265
2104,2.544288108328647
2105,2.28391363994282
2106,3.0049196598036922
2114,3.679942330232243
2116,3.8424407507759692
2119,3.119450486156941
2120,3.03877794499706
2124,3.1393943549994896
2125,2.9248425046307855
2141,2.0651361799196915
2142,3.2227114453638377
2145,2.9663714216056825
2146,3.050545040635199
2156,4.32322887951454
2162,3.3141050091181183
2166,2.855120427101513
2177,3.1718564002153506
2181,3.063661302384788
2188,1.989068635515933
2190,3.1067671095272864
2200,2.7685261361300504
2204,2.3111944982592543
2205,3.6046881538056743
2207,2.628773991744158
2210,3.869023949098308
2216,3.00279217465402
2217,2.844824193032291
2228,4.076739593662706
2229,2.8831969997160765
2230,2.8058512455512137
2233,3.41379903923501
2236,4.1659978640225805
2238,2.921427580660461
2252,3.601353796155837
2255,2.708408053023891
2262,2.1380387102131406
2263,3.370847727532367
2271,3.0308160960448762
2272,3.0964579958317473
2283,3.256774417899942
2284,2.5185009436021053
2289,3.2909448429369155
2292,3.964726010535
2293,2.8003131281000897
2296,2.8839494864216833
2298,2.431514277802178
2300,3.6902306842223553
2306,2.6720468130995063
2311,4.0186690971183054
2314,3.2391215324651492
2318,3.3851695022125035
2321,3.1889350515418133
2322,4.171818657292761
2324,3.8341255517683246
2327,2.7423534181032867
2341,2.718249472768972
2342,2.9323466697190903
2345,2.1877974608432376
2354,3.392159423822358
2358,3.497986166601405
2359,3.455207601521753
2360,2.603495603188454
2365,2.6882000835646807
2374,2.2929805322357533
2377,2.18887936973934
2382,2.6029736838017885
2384,4.056041517517877
2387,3.38332068895281
2391,3.110771826580661
2392,2.6590065033579484
2398,2.373217989148877
2400,2.6270989357727723
2402,2.49012735183348
2405,3.7674518896072255
2406,3.4374933790438744
2408,2.6083316841803184
2409,2.6738561839544386
2410,2.80738858646509
2415,2.8590814300757508
2418,2.811522759670999
2420,2.7937875131124184
2421,2.4692207185910724
2422,3.1516183997911034
2427,3.4988911125514086
2429,2.761240226477797
2436,2.356456578285044
2444,3.0868414857127093
2463,2.621505028252043
2476,2.468089338330768
2481,3.117795626449302
2483,2.9303580315567976
2487,3.8317485143520864
2497,3.634830477475789
2501,1.9688825284600298
2502,2.8781987256241406
2504,3.277163298760767
2516,3.301876613856162
2533,3.256395953257148
2537,2.510215313670999
2539,3.3068066496047024
2540,2.804655418808076
2545,3.400403858568135
2547,3.1924359108235834
2551,2.062320540363564
2556,2.879285907897968
2560,2.3868329360590037
2569,2.7113337850039168
2571,2.891552761389294
2572,2.642154669316627
2574,2.6394427030454963
2579,2.86829791255467
2581,3.2542263585636624
2584,2.482329515443827
2589,3.1285003513864726
2593,2.9440019105864184
2602,3.291376160602272
2603,2.9397526686659607
2606,3.2034667387746425
2608,3.947186505989664
2620,3.3565934917738547
2625,3.438683947614671
2630,2.6568077071738463
2644,3.4814291582896364
2645,2.286588020162119
2647,3.6011458090114825
2648,3.4074421844697476
2660,3.5352618480483597
2662,1.8435322095994058
2666,2.9198560663356528
2667,2.7749633697139915
2672,2.9581046672708196
2704,3.1728488196992464
2705,2.532999731679919
2708,3.5677027591818846
2712,2.8383391924314387
2719,2.2123185423457237
2725,2.8802663176225876
2728,3.5361590472928626
2731,2.774155830556408
2737,3.2579428706278346
2764,2.3283164480490925
2765,3.3455111199527776
2767,2.5933452272208397
2772,2.399528710755823
2780,2.6104990622014106
2783,3.4144694649517837
2786,2.3135784183170855
2793,4.004310263013334
2794,3.022032567186301
2796,2.0432447985987716
2798,2.4797024077167835
2801,2.1685165438635607
2803,4.4554534407128035
2804,3.9543753796881407
2805,2.9226478116621424
2814,3.4817023326492462
2817,3.9467898255419973
2821,3.022707608462145
2826,3.2767786573986317
2834,3.17107092216376
2835,2.019313413713106
2837,3.4298502975298524
2841,4.082649105955438
2844,3.226706323158587
2847,2.694992051293651
2848,2.5238044881587465
2859,3.2263812987159906
2862,3.1640680987208247
2863,4.254241880495329
2869,2.8570270988093807
2873,3.217806694050038
2877,3.5224980696585027
2880,4.367408582750093
2882,2.4872188274645706
2883,2.601879824453262
2885,2.9043499364539116
2888,3.1768682243949837
2910,3.0451732918006615
2913,2.702665907446692
2917,3.117696758375293
2918,3.416670149920778
2923,3.148090044121781
2930,2.992667040407261
2939,2.099619203482023
2942,4.524604490463988
2972,3.095923904287781
2973,2.6996442419280373
2975,2.525660164179988
2986,2.7322879865816585
2989,3.8225437751452764
2991,3.4998679753754236
2999,2.468028690217026
3013,2.419819982830792
3014,2.8536682635187236
3017,2.5529380382954647
3020,2.721342227513591
3022,3.437381268194526
3024,2.7894937661124697
3026,2.8884817282205595
3030,4.853913390098596
3031,2.8897028571241568
3039,1.2920625814771567
3051,4.250425721812372
3057,2.726744160312612
3069,2.6959933312484092
3075,3.0247180956917625
3081,2.6874269587897213
3085,3.1244863843323296
3087,2.658369815799917
3088,2.1017598865280833
3094,2.232367363153154
3101,3.1053020365109374
3104,2.395017476220268
3111,2.496703283166923
3113,2.367481654937756
3122,4.572661250163007
3127,2.4965952582924076
3134,1.2638163082537233
3136,2.571247244002158
3143,3.2979998673271003
3152,3.7733228479829446
3157,4.114620000041144
3164,2.4674757476168576
3168,4.218616849451729
3178,3.9429287479946717
3180,3.1157466440866997
3181,2.5795711175704277
3194,3.0680763054957887
3195,3.4307310952120207
3199,4.111969883719603
3200,2.7840212866143674
3209,2.1668712808755
3217,2.2832720349731535
3229,3.131967691827239
3232,2.334020010133921
3233,2.507931410009059
3234,3.3160024862437494
3243,2.730325555779606
3252,2.810264772533383
3253,2.836563712488584
3268,3.9979406436470493
3271,2.6095359419546535
3274,2.5401393217787245
3288,3.4924640752699956
3294,3.1374045425962716
3309,2.878654406380099
3313,3.054891502996254
3315,3.705863114899873
3320,2.513073939512245
3328,3.371750997797374
3331,2.7972938288659734
3332,2.775626112034249
3333,3.2286429964227232
3353,3.185138558936087
3355,2.905038881005852
3367,3.0617169430682862
3369,2.5999183469601617
3371,1.7810717896174513
3375,2.543935062825118
3376,4.41854345155043
3384,3.1513356003167154
3388,2.802813116217245
3396,3.109281402409305
3404,2.8898844413481637
3405,2.778764143367627
3406,3.1937550479627173
3408,1.6804458929854473
3409,2.7545021165679455
3415,1.9425638374483714
3418,3.3390454428565355
3419,3.496815166731211
3422,1.239441328197719
3427,3.1401351954394903
3429,3.579872036414547
3436,2.083137087372791
3437,2.925091634970667
3438,2.965411840798404
3450,1.8404116716406078
3456,1.7705854607087637
3462,2.727273083647443
3478,2.7654227859411584
3482,1.6925278969460635
3483,3.3243570236984863
3485,2.4532640379351514
3487,3.0953604458595763
3493,3.4491834011576525
3496,2.1598538127095943
3497,2.4756717765244067
3500,2.7057811198154016
3501,3.1253807819947697
3504,3.1978335783965863
3505,3.0056181368856336
3512,2.5319064741701616
3515,3.413442487281514
3519,2.0843928908218126
3527,2.448164570212704
3529,2.2295209989335465
3530,3.047217056534412
3532,2.315678201263698
3540,2.748427171981745
3547,2.3678680690074385
3552,3.173617538241067
3554,2.2188595086163407
3561,3.5391746101694324
3565,4.219264321539901
3568,2.2409202089320157
3572,3.8365737860550766
3574,2.7794095543650434
3577,2.352416754309046
3578,2.826938289583093
3584,3.1574598718419717
3597,2.8563532449002706
3599,2.459915483241984
3604,2.0705794122441805
3606,2.4576103547139434
3607,2.236612161607402
3634,2.9314114561027647
3635,2.7320307482210593
3639,2.4787970644698776
3642,3.201183104211733
3658,2.9355152017717905
3661,3.0596317464614415
3663,3.497782681260299
3666,2.8748823630719307
3667,3.028359827963369
3668,4.047226031162483
3669,2.6003350712371436
3671,2.0670941879295945
3676,3.220084702510403
3682,1.9010802082132658
3685,2.697259499871401
3687,3.0719708763309597
3695,2.5742469397160317
3697,2.744819593315626
3698,2.476537093318612
3704,2.4082057485587667
3706,4.328108363512284
3707,3.1736502170852043
3709,3.0923170768167347
3715,3.139436682953529
3723,3.2595806923183783
3724,2.501478148415745
3735,2.7570484858096727
3739,3.3653286350956204
3749,2.1964101615011415
3756,2.5003662089020544
3757,3.416394375973626
3761,2.7729290906457935
3763,3.7548389659351296
3767,2.3116203780379427
3770,2.5671044674467485
3778,3.0077983459498183
3779,2.5373575425512835
3786,4.220613712272153
3787,3.4659732004200885
3788,2.0467475424703485
3793,3.032151057384557
3816,3.114273856222244
3818,2.684808213465318
3819,3.4941403370065327
3823,2.5067529435643454
3824,2.797950916800616
3844,3.1425250805678315
3847,1.9529423256315868
3851,3.5466428887562174
3853,2.460619605248676
3858,2.550461554992967
3861,2.7519342229828982
3862,3.221822630432778
3863,2.8386190380150365
3864,2.427962676186308
3871,3.1155727379981366
3875,2.895062863788475
3883,4.138177363564853
3885,2.3748945675547675
3886,2.5521502544242876
3897,2.175449573308656
3899,3.668821407380121
3902,2.0520074626544114
3904,3.1824396353332727
3905,2.8625969291270117
3906,3.2976564032135243
3910,2.6523848552070852
3917,2.813541004598602
3922,3.6191352384190534
3923,3.171423200812995
3928,1.8973542523234812
3931,3.535806907867903
3939,2.795985725718789
3941,4.382854352102832
3948,2.861174375363971
3951,2.8057825603558295
3959,2.978316850503048
3966,2.8258102234479963
3974,2.389843944079661
3975,3.050986632302603
3977,3.259474728836518
3978,3.0489126448516664
3979,2.5005756201798133
3989,2.6396897323895163
3992,3.8607024006268054
3993,3.2619905253681574
3995,2.60344137757441
4001,2.591421050364506
4005,3.6044763104015
4008,2.490546125185677
4010,2.4362045626955844
4011,3.5941575944973234
4015,2.1526896529637307
4024,3.418798039663517
4028,3.9419944068484516
4031,2.4664620685207135
4039,3.7051405794444188
4044,2.7133908188613916
4046,2.4556620672383174
4063,3.1347906286323823
4065,2.4128811657289657
4076,3.0794134979156467
4081,2.3494164338481935
4082,2.338685661307128
4084,3.459944668532005
4086,3.4240072738191705
4096,2.3579617328658746
4097,2.5977898671864077
4101,2.8968665243555463
4103,2.217824170477977
4111,3.972086057349845
4118,2.8920863405110198
4120,4.036328200712692
4122,3.7156938726621793
4123,2.0657745857409844
4127,1.9371340153640637
4128,1.7183379346732781
4148,2.615432156863778
4150,2.436025727515646
4154,3.5844440190041706
4158,3.2686666128265403
4162,3.5430785934594122
4163,3.3231142599785706
4173,3.6184190716266564
4182,2.8079636170253464
4189,2.6480912722645904
4202,3.7059239719940043
4206,2.0250740090809938
4207,2.6448350835154875
4218,3.1270664491819375
4227,1.8962580693242987
4233,3.0669829667050816
4234,2.679582788521146
4241,2.979554116293931
4242,4.198392425173557
4246,3.0240746142326826
4248,3.0300745916618985
4249,2.908963576811473
4254,2.0479019248122254
4255,1.5807495417128605
4256,2.906241212220925
4257,3.207357140948842
4261,3.1651378576292983
4263,2.9995531231103856
4269,2.7841075079558433
4279,2.977548064987094
4285,2.870713891819957
4293,2.8739456395392575
4296,4.1494552911395
4311,3.714359830554207
4316,2.5741329330690585
4331,1.4748056609483982
4334,2.2769843134108694
4341,2.5910602705719197
4343,3.7806250238556736
4344,2.02037268527457
4348,3.6096300201549383
4350,3.741683072912049
4358,2.300828694946498
4359,2.8139930980093606
4365,3.1874980229339633
4367,1.3431198472152688
4371,2.3710830152782862
4372,3.595548994095312
4374,3.9485704685848995
4385,2.90403870100053
4403,2.0244032080059435
4405,2.4547230426476987
4422,3.3765648993232213
4423,3.4841532888985522
4440,1.8647308028270022
4444,3.169637663349316
4446,2.7752628576754583
4468,3.4374471630917416
4478,2.828370635259873
4480,3.5261530366712486
4481,2.7064040138373735
4485,3.9101761846141736
4489,3.3655123147384884
4490,3.632345587884922
4492,2.967318463619673
4500,2.519287154505135
4502,3.088706113349752
4509,2.9029593664097537
4510,3.8575476614765822
4511,3.1471908589925373
4519,2.3880658439027824
4525,2.013088842819908
4528,2.695808284236141
4533,2.992129362961314
4546,2.92018734046813
4549,2.921229158623397
4555,3.0733730328045974
4558,2.2631840093653244
4559,2.717823689810331
4567,2.3269630953655294
4568,2.8692814967054927
4571,1.7098092882151463
4574,1.8709261816659961
4578,1.8641474408080398
4579,2.001016271016201
4582,3.5083996402813034
4584,3.229296115489914
4586,3.2915152713537683
4590,2.629337845480269
4598,2.472118555956526
4601,2.881687126973228
4602,2.395681410095032
4611,2.626536156353178
4614,3.0666846991095005
4629,3.2440907798655254
4647,1.9365159448955238
4653,2.8156144065042845
4662,3.1645639581646003
4675,3.511126312517449
4676,1.9662429979308924
4678,2.5074124092204344
4679,2.0625256012089097
4682,3.3208524143415485
4691,3.215489520516158
4705,2.2373361811285855
4712,3.078064974123671
4720,2.0238980801260817
4722,1.7914381795054026
4728,2.697391380753132
4732,2.8355501408273267
4735,3.5562775475905406
4737,2.6396679164510504
4742,3.206310938530206
4745,3.3519771981928983
4751,3.084443440815457
4754,3.360554088328087
4762,3.088224687559557
4765,2.4917471022231172
4767,3.0078957477377886
4778,3.040311556339575
4783,2.8529407637078306
4789,2.7696367011685905
4793,2.101875138118622
4804,2.59431819381635
4805,1.5514770982627915
4807,2.8216260047171073
4816,2.9496935927320314
4821,3.816356676930496
4823,2.339631443916104
4824,3.2413400462662842
4825,2.454792016361227
4831,2.1822290539589737
4834,3.375468945741492
4857,2.9851957917646224
4859,3.372542046448713
4875,3.1842586918748883
4891,3.78149573245952
4893,3.1954703731759624
4895,2.738370824822232
4901,3.193051208547376
4906,3.4091658254660278
4913,2.9809079808010797
4914,2.9272150948985294
4923,3.335302895255301
4931,2.8964383264269062
4941,2.072948474282215
4942,3.0180939036219656
4947,3.0856389385002543
4957,2.2915707298058505
4974,3.246471447688842
4977,2.7167585097210774
4979,2.1300768043068636
4986,3.4102274995003463
4993,3.5562116892125393
5011,2.662961641828477
5014,2.368749446419048
5015,2.4030000873163693
5016,2.6744623394309124
5021,3.4583989505896797
5026,3.5541088138418733
5028,2.708363735531904
5030,2.5997937890029013
5034,3.077283309991593
5039,3.6307772459183743
5050,3.6634188567033337
5054,3.3494957364097506
5064,1.899793828810102
5065,3.371641844562833
5069,2.72870774369638
5070,3.5694831868317953
5078,2.0683907539110704
5088,2.657817151135013
5091,3.6776167889475797
5111,4.108779048411983
5113,2.950364690699705
5120,2.3532852867755967
5129,2.9814068040027726
5134,3.5168791577920047
5137,2.3913907171910225
5143,3.2934875899148244
5152,2.615948864501065
5154,3.3042247870117865
5159,3.581194190352848
5168,2.7019686766031725
5173,2.8020539617518088
5174,2.0976309283293086
5176,2.5405300108909517
5195,2.1035498092307177
5200,3.376271910034772
5203,3.546417401710441
5208,2.5460366955265292
5209,2.8030854982197573
5213,3.6277350026846675
5221,2.4871483027144854
5222,2.673208560197219
5226,1.9113688481472968
5229,2.7141344479663334
5230,2.7489657087523867
5232,4.040476772103584
5237,3.2659582279705988
5238,2.5418806730612142
5246,3.505052489271772
5251,3.127501580839254
5257,3.5950540960093966
5259,2.816411015390355
5262,3.073562840467333
5264,2.95371073028166
5269,2.998296579876797
5272,3.2423645660136833
5277,2.525782389906549
5279,3.950218242270052
5284,3.090395216780488
5295,2.9654376234296986
5300,3.0434523020213087
5301,3.6175390352639942
5306,2.834555970312198
5311,2.9660567188653797
5318,4.5983301617297245
5322,2.954097418734588
5332,2.7289212699270373
5335,2.8634229902385337
5347,3.2786359723604526
5351,2.924934066894056
5358,3.6235581577330462
5362,3.4604157246175
5366,2.8557493356886927
5367,3.5051497392823947
5369,3.1037737970121353
5375,2.631345953366569
5381,2.6205751639873953
5383,3.89052163672284
5384,2.9891512722318474
5387,3.1968388481812866
5389,2.2890435065314874
5391,3.7192121416928163
5393,3.229379418234947
5394,3.188305622208137
5397,2.3176541622232882
5406,2.7475069144026207
5414,2.5715790547144937
5418,2.690863057141466
5425,2.6934122831294824
5429,2.7267051947627947
5443,3.271647957860134
5444,2.736376742072962
5445,4.550525219908669
5456,2.228650383924514
5466,2.335342928280072
5470,3.0561080252004396
5493,3.4538498907639856
5506,3.969123755158322
5512,3.1425676050215303
5525,3.399700032316121
5526,2.5917972433266585
5533,3.0639693838246114
5537,4.07794073263734
5543,2.9658136780985194
5550,2.3090251731371003
5556,2.616651816975065
5557,2.6526339432733015
5566,2.053753432825727
5579,2.9262201747910566
5581,3.213995858407968
5582,2.901199742583798
5583,3.0880917614317585
5585,3.598823289584336
5594,3.0486357281621195
5595,2.8110295764125537
5600,3.3091298688800976
5607,2.6822378699839464
5609,2.3043663127722542
5620,2.736419945861875
5621,2.9666444347158345
5629,2.985086236984862
5633,2.4208373046700493
5647,2.0156137162683194
5657,2.2261849805048364
5670,2.8426498557808464
5677,2.1926612370940877
5692,2.067168218221167
5694,2.252334421517776
5698,3.4374286573195683
5702,3.6332213952262373
5703,2.3928007978796497
5707,3.8567663414513795
5709,2.563100799469323
5712,3.9757083098758255
5713,2.6855463193637665
5715,3.8385119544491575
5723,4.359644230424903
5725,1.9400100566039602
5729,2.593017687347425
5733,2.9283354461237177
5735,3.977592111250821
5740,3.7450676876404527
5756,2.7008689349505595
5761,2.802390670187471
5777,2.8735866822150564
5783,2.3554915699733923
5792,3.3073418925660074
5793,2.196944179897431
5797,2.295944138983558
5801,3.3909117782526756
5807,3.177323056895617
5812,2.982675694632685
5824,2.522188685798073
5829,2.5132442825315837
5841,3.2429991709520367
5842,3.6665230940085984
5845,1.9367178550171364
5846,1.918053151455433
5850,3.040685848760749
5852,2.8969435613959136
5853,4.10075946761199
5864,2.059204739514065
5869,3.577216063657186
5875,2.4155292203720427
5876,3.139558634135647
5878,3.566129046518846
5891,2.9851794046507103
5907,2.8106913321122464
5908,2.7921459978707794
5918,2.874259361814718
5919,3.0115290619023494
5920,3.146435762289143
5921,2.8789259292335627
5924,2.736941063113001
5933,3.273311481206099
5934,2.4507998573978376
5935,2.613360437646983
5939,2.4854534403841937
5943,2.8253399496904916
5946,3.2704183940999934
5957,2.4548834011825225
5961,2.8661215672309623
5965,2.3334235388131717
5970,2.167077099115442
5980,3.0588173268873193
5981,2.787096340863993
5982,3.865781774354197
5984,2.4083457677501867
5987,2.5939409471645645
5988,2.703417170772432
5989,3.4202552801744184
5992,3.1609291958451915
6010,3.1741915685162727
6011,1.9475244343626228
6019,3.1612357156601494
6026,3.0902597853055607
6027,2.4839103539309244
6028,2.391863671274426
6031,3.0788052419476974
6034,2.5318231424348903
6040,2.084660137960599
6044,3.592327853687717
6046,4.151371154173535
6061,2.8241072793152613
6067,2.5757805281725035
6073,3.4502289361936653
6077,2.9029936328220995
6096,2.2696870541360754
6100,4.358265276044112
6114,3.3873594558242246
6115,2.702981228713028
6118,3.1400117226995903
6128,3.061505578893883
6131,3.314550605488428
6141,2.043509471292582
6142,3.223641777129778
6148,2.4288733977000887
6150,3.1462126419943366
6152,3.3933029930988763
6162,3.210823988352687
6169,3.9469392906428595
6173,3.4535361122435226
6175,2.7519816722552846
6188,2.719067518650626
6190,2.9639178324925624
6208,2.867975519466855
6209,2.5588872085338084
6212,2.471543023177428
6213,2.8470138557582856
6222,3.110181130098664
6225,2.4874036841756806
6228,3.203219560867906
6238,3.937926718952838
6244,2.65114342699292
6245,3.567558233106119
6246,2.4605220083629518
6248,2.449802041868431
6250,2.273273155009223
6268,2.3969341575831877
6270,3.3418213350952284
6271,2.7520956431027304
6273,2.4737146938660692
6275,2.296014695879471
6282,3.0377234733667837
6287,3.5659375638152753
6288,3.107401144577896
6305,2.9696512992291124
6307,2.357276975731041
6310,3.8596881992091854
6317,1.8973269820584022
6322,2.7029604107143164
6326,2.8937996234079066
6335,3.7440763829083545
6346,3.675573174654999
6362,2.831700085638086
6369,3.419713771975178
6370,3.334160879344739
6371,3.178782423664078
6375,2.822101327975707
6382,2.893548538218835
6383,2.1555450302399666
6387,2.517444342833666
6392,3.2984425019494252
6394,2.9269967914017587
6397,3.5623819356279824
6400,2.414106026310624
6403,2.100929276998212
6416,2.3775872501514135
6422,3.1301026251711566
6430,2.351169140491515
6431,3.6007046009485917
6450,2.077439352373352
6455,2.4033884085888624
6459,3.5142911156365386
6460,2.452836480113271
6464,2.346919189801861
6465,3.2586664822075404
6468,3.2036373837795393
6476,2.7273878839279346
6479,3.593877917852476
6484,3.8459534099226325
6485,3.1696220806369655
6489,2.9967408883160997
6493,1.8091270159384363
6501,2.400132318679445
6503,2.9789474144041184
6505,2.658893177472877
6514,3.8664783141545658
6520,3.3028595865293298
6533,2.7594387867339005
6536,4.351655071927763
6542,2.88527724387443
6551,3.1101543130254243
6554,2.7828227066161704
6557,3.2224527842271926
6560,3.517333878573652
6561,2.6675664037822506
6567,3.1835658958149176
6571,2.878260550873601
6572,2.268278241539816
6575,2.6691132980612258
6583,2.319335923236768
6588,3.222514734576394
6590,3.701428995268181
6596,3.5740315070655666
6597,2.044940203233398
6599,2.4243923501383504
6602,3.2249136117976303
6607,3.1681045883698444
6616,1.50762559686152
6623,2.7917163042135376
6625,2.6773666889400674
6627,3.533265730915716
6642,2.8168233559413878
6650,3.296587193429244
6651,4.063410343257482
6659,3.248718721014207
6660,3.555619775082095
6665,2.943198209716277
6669,2.7424762346744167
6673,3.1964214814840286
6674,3.5126723734327436
6677,2.9568413317369777
6681,3.4161194769269323
6685,3.9351356608979056
6687,3.056864536915818
6691,2.4123976780064424
6698,2.6683139679024865
6709,3.2391053822569127
6711,2.164540456253645
6714,2.6577947438776217
6718,2.3125150750041454
6741,3.424450334845853
6743,2.6278281045627567
6744,2.763045242684406
6745,2.852822892723305
6751,2.524088562038696
6752,3.253208488197574
6755,2.460765536406036
6760,4.206187972399783
6761,2.445546313062849
6762,2.312377017014985
6765,3.0205306618366277
6788,2.9622063554655416
6797,3.02492621497544
6803,2.837342637718975
6805,2.3409306328045822
6807,4.087317883365728
6808,3.1105522518758146
6810,3.617099358491086
6834,2.1317367009050407
6843,3.6674611901450858
6851,3.4896722333469024
6852,3.2383690684047948
6853,4.062374228073552
6857,3.250865783209228
6858,2.6087112078856953
6867,3.409477665820473
6880,3.6604524974700787
6886,2.4350446378255786
6890,3.1262185086242313
6893,2.1410196033487994
6897,2.7542648802707643
6909,3.724382364715737
6913,3.2368087125054577
6926,3.0969865852061393
6929,2.6426774134596336
6933,1.9693906923573365
6942,3.314401654214805
6957,2.892099252927426
6962,2.874793322927361
6966,2.9385145021666177
6980,3.0408994882280136
6985,3.2889192301029726
6987,3.4977604064496877
6988,3.752178697724182
6989,2.588816660289717
6991,2.2839883216074663
6996,2.5078043449680565
7001,2.58183401946218
7002,2.848001140885916
7011,2.3032258213311154
7012,3.013855878906142
7014,2.4296289384531575
7016,2.571441785918867
7017,1.860592884797983
7018,2.8981235720531235
7019,3.4876842769361738
7037,2.4934252678780155
7040,2.625360657317287
7042,2.2055703499227155
7045,2.794884680007462
7046,3.3830690122996816
7048,2.4890027074358883
7051,2.333998027872804
7053,3.461294904122447
7056,3.2000104193627914
7058,2.5533779159535643
7059,2.292962427146131
7062,2.506357369379905
7068,2.7121878534589428
7069,2.5734825662843592
7075,2.2040438862650413
7080,2.9340264443706485
7082,4.088634210148658
7089,2.3959804282772037
7090,2.406188496850159
7091,2.954201345793995
7098,4.054605869105451
7099,2.4475292335269137
7118,3.1523508404301936
7122,2.48681396290342
7125,3.2546285414701055
7132,3.287035398607072
7136,4.026652722288304
7137,2.381993749714112
7148,3.6482340368007784
7157,2.708155486880737
7169,2.358710232428849
7170,3.527161971777081
7177,2.3622747429081747
7180,3.118387249457812
7183,3.3861779861914276
7189,2.073451950701198
7194,2.457438798757046
7196,2.328065745584104
7197,2.72745781648697
7200,2.6538256825106803
7202,2.5139149373100835
7207,2.4704897826932806
7209,3.371779909332395
7217,2.224797131932702
7224,3.394086005629772
7225,3.420130770510973
7231,3.146199264912423
7242,3.127165312503046
7244,3.6295203440345802
7246,3.1782086388517743
7263,2.9798236366478705
7284,3.152559934593238
7299,3.1708911138582794
7301,2.5658841654371876
7307,3.0425292376891795
7310,3.3485247582215605
7311,3.805174806451407
7313,3.055607756705234
7319,3.1219308722663532
7325,3.010471739965337
7329,3.994758064666638
7332,3.5782010951251495
7337,3.544005199356927
7343,3.867097973287577
7347,2.4939061432155727
7351,3.268937289489578
7356,3.523409074233659
7367,2.2048570456650456
7370,3.1887405550394297
7371,2.759948083193502
7374,2.04543656382534
7377,3.748314768900541
7378,3.154947565872888
7387,2.448657323761652
7401,1.968533745047094
7418,3.6406636214643555
7420,3.551444987572416
7425,3.48278925733863
7427,3.0450539892477817
7429,3.4952895690029298
7430,2.612919669623984
7436,3.6037269435549097
7446,2.655893921992544
7449,3.854189317848534
7452,3.2119667066461
7456,2.7131454589068946
7460,3.304308222741621
7463,3.036700622581269
7466,3.4053998357603006
7479,3.4780038234154977
7480,4.1992941180388215
7486,2.962192442569706
7488,3.10282614926492
7491,2.7634081403440107
7501,2.8320646895710615
7513,2.865868682904089
7522,3.4193940763196924
7533,2.490219001781469
7541,1.3900536201201028
7547,3.1281898167372066
7548,2.587972986709026
7549,2.7346462223642467
7550,3.000929978484223
7560,2.635927124134939
7568,2.9667321546740504
7571,2.313181379093918
7577,2.9379845451994604
7585,3.566038028624735
7586,3.322559285929438
7591,3.2428954591624968
7596,4.094850772548016
7608,3.3628770032557562
7609,3.6181374489138958
7610,3.1781708883556847
7611,2.1288119763248807
7616,3.049839476849914
7617,2.845277019199418
7623,3.1805803222076894
7624,2.293068355551258
7626,2.5606606463129875
7628,1.791722421669464
7635,2.169997443072452
7644,2.583430528452093
7649,2.2267235482154226
7650,4.017599585964353
7651,2.4569598471876817
7652,3.9817510291818907
7653,3.792172770007415
7654,3.691344377138816
7658,3.5445171626144782
7671,2.5630391830111776
7674,2.164301021016634
7683,2.9970369149820386
7691,3.293308485301018
7697,2.4377976886417745
7704,3.7655631792706696
7712,3.8755382217660705
7713,3.1864036071846193
7728,2.8789753636680393
7730,3.160990904549673
7732,2.6950130222433044
7733,2.807724244062236
7737,3.363312865768972
7738,2.40043378906534
7739,3.3290552935494624
7750,2.8599077216373
7762,2.6853199594741355
7766,3.1300672338551294
7770,2.1375192033444015
7771,2.60631301171707
7781,2.366289775200059
7785,2.5801017694530266
7789,2.6931394595230755
7794,2.5837349444325515
7795,3.3535973238190153
7803,3.2226522361256364
7807,4.056940864513746
7813,2.889112789876973
7815,2.990109904666166
7819,2.674006648708345
7822,2.4930150310442256
7823,3.351721283345718
7830,2.812650296063943
7855,3.478528129022582
7862,2.843635252425695
7865,3.2342968580413176
7867,3.2296146055262396
7868,3.262950976534045
7871,2.168860774840253
7874,2.542274976880446
7876,3.6287814940702408
7882,2.5655066276951084
7884,2.913731664361903
7886,3.2165809321905416
7888,5.905806628616678
7895,3.1144827063285856
7897,2.814307975630596
7900,3.145029484904035
7904,3.6163613659216134
7911,2.3364981948159964
7921,2.884278060178542
7926,2.255971255951067
7946,3.233225920943873
7949,3.104245216787108
7950,2.759418372055033
7955,2.8423090053662947
7966,3.4354088199666073
7967,2.655611161483284
7969,2.094818716965272
7974,3.5608995605865266
7978,3.5248331359539495
7979,2.4801793050392815
7980,2.631334536836483
7982,2.8147541438587087
7988,3.4849425720245684
7990,1.9908693763152385
7999,3.983638295546486
8005,3.0483054698459893
8013,2.557194359167216
8018,3.8747041795526953
8026,4.134054472526836
8033,2.4181186419832206
8034,2.7673785649037463
8039,3.5752641297080316
8046,3.0269476623260525
8051,3.485036216125174
8056,2.2665143363208546
8061,3.3883378337043655
8068,3.4826721763811443
8070,2.858983919359397
8074,3.9227590239751677
8076,2.3808194604789907
8077,2.558484279135757
8083,2.6499626944416557
8087,2.6037849255457894
8088,1.6324351051980446
8098,2.6596294561748195
8113,2.715011229326859
8114,2.7681849607746147
8124,2.8718157035575618
8128,2.689547308243394
8133,2.7982431880945313
8134,2.8728004012297896
8135,3.435856105042073
8143,1.9438939239007604
8152,3.57560169981289
8159,2.8134516331904043
8160,3.2302468732412475
8165,2.9780813439943663
8168,3.2991630048656106
8171,3.1420413569718404
8182,3.8314365716573575
8190,2.8073195322047457
8192,3.5447829589344293
8203,2.8535439496848074
8211,3.192877704508227
8215,2.962040290476855
8217,2.4875230241211863
8221,1.2810396600558753
8224,2.042290817547718
8226,3.133386559050508
8229,2.5427454859389447
8231,2.4377099963623174
8232,1.6623295405812333
8235,3.1344008152552947
8241,3.119392919753613
8248,3.197679127383489
8249,2.731348968992284
8271,3.3281722644092206
8272,2.245977140448569
8278,3.9829001376323814
8280,2.737676277577477
8284,3.236762120964808
8287,2.6412096393426685
8291,2.1900214689430557
8297,2.8927180160015062
8299,3.0782160068063
8302,3.313449474106823
8306,2.506712417707037
8307,2.5572892853897127
8309,2.682260155175164
8313,2.2143258782288755
8318,3.804374416489521
8329,2.8044650976688024
8332,4.080169255844094
8335,2.504127342561958
8337,2.4932442302967956
8340,2.8620215903255812
8346,3.36846540144273
8350,3.1726701999241813
8351,3.521701852410356
8354,3.3457238673915826
8355,2.4790250560261753
8363,1.9423762207448352
8365,1.439716765008845
8367,2.227718524356341
8369,2.733521984034642
8373,2.9360506273191476
8383,2.979954716017158
8386,2.4185974753394612
8391,2.9176183981816037
8398,2.806674543094653
8402,2.0877282710007807
8404,2.78549136386711
8407,3.1373039536760015
8409,2.3834183532271354
8410,2.534334651614781
8417,2.001554093827111
8418,2.7484550287172795
8419,4.52881416691739
8427,2.4089359122216334
8433,2.6910132755667813
8435,3.4948143996117667
8442,3.158228915499903
8456,2.8340730707218937
8466,1.7596028950595772
8469,3.7337278217842256
8474,3.0740999254203465
8483,2.959539511794266
8489,3.5993493608750886
8491,3.0231107510824975
8498,2.344220632895358
8500,4.361574849549308
8502,3.02230456872064
8506,3.035230400270514
8507,2.820151290390598
8508,3.426844341569214
8510,2.7498175302554353
8512,3.4116554588673464
8513,2.598294938875056
8522,2.7440928555071014
8524,2.854426256005293
8535,2.555276815544584
8543,2.6483768097327185
8546,4.481431130856558
8565,3.0810191779556533
8574,3.7864934964422643
8584,2.0523707301933167
8587,3.48723601140751
8588,3.458414979308933
8593,3.157770715722226
8607,3.121804338993962
8611,3.0238222770659733
8612,2.6985513194646833
8615,1.995260558747314
8623,2.8630420478182015
8629,2.4293117121176837
8640,3.36020389547999
8641,2.455303618762689
8666,2.880632582508275
8667,2.480288783058346
8670,2.7103434571799747
8673,3.3136983348544558
8674,2.235970742537287
8678,2.721644371536507
8685,3.54698182313793
8686,3.026268231009635
8691,2.84216812939327
8695,3.2418524228338046
8697,2.7845194355194782
8698,2.6815189995510145
8701,3.4149752529704616
8707,3.089791743432585
8708,2.178873141452949
8710,3.588246840622555
8721,3.8121995820003747
8727,4.926670770247069
8729,3.2547156490966622
8730,2.3934373625556202
8732,2.1698181688384297
8733,2.9189036143726637
8736,3.9185346826778833
8737,3.4322469602584142
8744,3.454770602043908
8747,2.751456896731215
8757,2.1361815710902334
8763,2.1756738160835973
8767,3.3029206247524563
8768,4.462819734296453
8769,4.188127212471604
8771,2.9983324293335434
8775,2.605015510240007
8777,3.814551467003591
8779,2.4508108810423765
8780,2.6872229160714216
8783,2.814096630375904
8822,2.838354159538841
8841,2.401538658637068
8856,2.8634872900406267
8858,3.7386640691202095
8862,2.4423658962604056
8867,2.518532441522598
8871,3.1718495811811214
8875,2.2758930639081476
8881,3.1858978070095514
8882,2.180331753460388
8883,2.565835003937355
8887,2.2192159044737583
8890,3.2375081426540646
8895,3.3435883784465825
8897,2.4643394428143504
8899,2.7732360210565616
8901,2.2426397897600525
8902,2.520857181771188
8903,3.0181492342409078
8904,2.6322377771304746
8913,1.9475046419662334
8922,3.353086193530352
8923,3.603410056641331
8937,1.7624481049930312
8938,2.2334077918995057
8941,2.942807503829219
8942,3.68859756894353
8945,2.495856627607301
8946,2.2376230216728588
8953,1.768183486668799
8954,2.220241280082635
8958,0.9336102153247381
8964,2.304273910731845
8973,2.116160296228733
8974,2.074130426316297
8978,2.306272932419802
8981,3.3026059355005826
